{
    "metadata": {
        "generator": "io_three",
        "materials": 1,
        "version": 3,
        "normals": 154,
        "uvs": 0,
        "faces": 204,
        "vertices": 189,
        "type": "Geometry"
    },
    "materials": [{
        "shading": "lambert",
        "opacity": 1,
        "transparent": false,
        "colorAmbient": [0.197808,0.058699,0.021929],
        "DbgIndex": 0,
        "depthWrite": true,
        "wireframe": false,
        "visible": true,
        "DbgName": "Material",
        "colorEmissive": [0.126597,0.037567,0.014034],
        "depthTest": true,
        "colorDiffuse": [0.197808,0.058699,0.021929],
        "DbgColor": 15658734,
        "blending": "NormalBlending"
    }],
    "vertices": [47.8561,-1e-06,-25.5834,47.8561,1e-06,25.5834,-33.1896,1e-06,25.5834,-33.1896,-1e-06,-25.5834,18.7427,34.4295,7.26207,7.66074,53.677,7.26207,35.9493,57.1321,-5.59343,-0.504871,94.855,7.26207,-25.8183,36.6362,45.8971,-13.3754,54.2311,45.8971,-0.504871,94.855,45.8971,38.312,57.1321,-5.59343,7.66074,53.677,45.8971,18.7427,34.4295,45.8971,4.97775,52.7438,45.8971,2.76137,69.1916,45.8971,-5.72341,69.4001,45.8971,-10.3036,52.6271,45.8971,-22.2507,35.05,45.8971,15.1648,32.8093,45.8971,2.86938,70.6911,48.8944,-2.05861,72.3113,50.4336,-7.12161,70.2861,48.8944,-49.5671,32.7672,31.2943,50.52,32.8839,31.2943,40.6046,66.9462,0.624654,-42.4514,63.6799,0.624654,47.8561,0,0,44.8325,33.1015,-25.5834,44.8325,33.1015,25.5834,-33.1896,-0,-7e-06,-31.8458,33.1015,25.5834,-31.8457,33.1015,-25.5834,-13.3754,54.2311,7.26207,-25.8183,36.6361,7.26207,-31.8457,33.1015,-6e-06,44.8325,33.1015,6e-06,-49.5671,32.7672,-30.045,50.52,32.8839,-30.045,40.6046,66.9462,0.624654,-42.4514,63.6799,0.624654,40.6046,66.9462,0.624654,-42.4514,63.6799,0.624654,40.6046,66.9462,0.624654,-42.4514,63.6799,0.624654,4.97775,52.7438,7.26208,2.76137,69.1916,7.26208,-5.72341,69.4001,7.26209,-10.3036,52.6271,7.26208,-22.2507,35.05,7.26208,15.1648,32.8093,7.26207,2.86938,70.6911,7.26209,-2.05861,72.3113,7.26209,-7.12161,70.2861,7.26209,35.8818,57.1321,-3.78017,38.5146,57.1321,-3.57765,35.9493,57.1321,5.54052,38.312,57.1321,5.54052,35.8818,57.1321,7.35378,38.5146,57.1321,7.5563,38.312,57.1321,-5.59343,35.9493,57.1321,-5.59343,35.8818,57.1321,-3.78017,38.5146,57.1321,-3.57765,38.312,57.1321,5.54052,35.9493,57.1321,5.54052,35.8818,57.1321,7.35378,38.5146,57.1321,7.5563,38.312,79.0137,-5.59343,35.9493,79.0137,-5.59343,35.8818,79.0137,-3.78017,38.5146,79.0137,-3.57765,38.312,79.0137,5.54052,35.9493,79.0137,5.54052,35.8818,79.0137,7.35378,38.5146,79.0137,7.5563,25.7825,76.9623,12.8955,48.9681,76.9623,12.8955,25.7825,76.9623,-10.29,48.9681,76.9623,-10.29,32.9073,82.4304,-3.16525,32.9073,82.4304,5.77081,41.8433,82.4304,5.77081,41.8433,82.4304,-3.16525,37.3753,108.15,1.30278,37.3753,108.15,1.30278,37.3753,108.15,1.30278,37.3753,108.15,1.30278,46.3443,16.5508,6.83922,46.3443,16.5508,-6.83922,44.8325,33.1015,-6.83922,44.8325,33.1015,6.83923,46.3443,16.5508,25.5834,46.3443,16.5508,-25.5834,47.8561,-0,-6.83922,47.8561,0,6.83922,6.553,0.015855,39.2302,8.91574,0.015855,39.2302,6.48549,0.015855,41.0435,9.11826,0.015855,41.246,8.91574,0.015855,39.2302,6.553,0.015855,39.2302,6.48549,0.015855,41.0435,9.11826,0.015855,41.246,8.91574,49.4894,39.2302,6.553,49.4894,39.2302,6.48549,49.4894,41.0435,9.11826,49.4894,41.246,-17.6128,0.064965,39.2302,-15.2514,-0.013044,39.2302,-17.6803,0.067194,41.0435,-15.049,-0.019731,41.246,-15.2514,-0.013044,39.2302,-17.6128,0.064965,39.2302,-17.6803,0.067194,41.0435,-15.049,-0.019731,41.246,-13.6179,49.4335,39.2302,-15.9794,49.5115,39.2302,-16.0469,49.5138,41.0435,-13.4155,49.4268,41.246,65.5947,-1e-06,-12.7917,65.5947,0,0,62.5711,33.1015,-12.7917,62.571,33.1015,6e-06,64.0829,16.5508,3e-06,62.571,33.1015,12.7917,64.0829,16.5508,12.7917,64.0829,16.5508,-12.7917,65.5947,1e-06,12.7917,4.73377,1e-06,25.5834,-13.0865,1e-06,25.5834,-6.17901,30.052,24.0657,-2.89327,30.2565,24.0657,0.46652,29.7618,24.0657,3.00565,25.9573,24.0657,3.67796,21.6957,24.0657,-12.465,0.066031,24.0657,3.96573,0.066031,24.0657,4.42166,23.4588,25.5834,3.6925,28.0808,25.5834,0.938645,32.207,25.5834,-2.70526,32.7436,25.5834,-6.26887,32.5218,25.5834,-10.0755,32.0672,25.5834,-12.4242,27.8411,25.5834,-12.6673,22.3641,25.5834,-12.8392,13.5476,25.5834,-9.68878,29.6329,24.0657,-11.8544,25.7363,24.0657,-12.0785,20.6863,24.0657,-12.2371,12.5573,24.0657,3.04564,15.4747,24.5488,-6.17901,30.052,24.5487,-2.89327,30.2565,24.5487,0.46652,29.7618,24.5487,3.00565,25.9573,24.5488,3.67796,21.6957,24.5488,-12.465,0.066031,24.5488,3.96573,0.066031,24.5488,-9.68878,29.6329,24.5487,-11.8544,25.7363,24.5488,-12.0785,20.6863,24.5487,-12.2371,12.5573,24.5487,-6.09275,29.2838,24.5487,-3.07373,29.4717,24.5487,0.013321,29.0171,24.5487,2.34633,25.5214,24.5488,2.96407,21.6058,24.5488,-11.8685,1.73193,24.5488,3.22848,1.73193,24.5488,-9.31761,28.8987,24.5487,-11.3074,25.3183,24.5488,-11.5134,20.6784,24.5487,-11.659,13.2092,24.5487,1.03366,15.3311,24.592,0.59402,15.7196,24.592,0.173532,15.1862,24.592,0.632272,14.68,24.592,0.575376,16.3568,25.3544,1.58615,15.4634,25.3544,-0.391369,15.1303,25.3544,0.663322,13.9665,25.3544,40.6046,66.9462,0.624654,62.5711,33.1015,-12.7917,62.571,33.1015,6e-06,62.571,33.1015,12.7917,40.4953,66.9462,0.624654,68.3625,33.1015,-18.515,68.3625,33.1015,18.8792],
    "name": "CubeGeometry.9",