{
    "materials": [{
        "wireframe": false,
        "depthTest": true,
        "depthWrite": true,
        "blending": "NormalBlending",
        "visible": true,
        "colorDiffuse": [0.334323,0.099209,0.037063],
        "DbgName": "Material",
        "DbgColor": 15658734,
        "DbgIndex": 0,
        "shading": "phong",
        "colorSpecular": [0.004458,1,0.005337],
        "colorEmissive": [0,0,0],
        "transparent": false,
        "opacity": 1,
        "specularCoef": 50,
        "colorAmbient": [0.334323,0.099209,0.037063]
    }],
    "name": "CubeGeometry.1",
    "metadata": {
        "version": 3,
        "type": "Geometry",
        "faces": 206,
        "generator": "io_three",
        "vertices": 190,
        "materials": 1
    },
    "vertices": [2.39179,-0,-1.27863,2.39179,0,1.27863,-1.65878,0,1.27863,-1.65877,-0,-1.27863,0.936735,1.72074,0.36295,0.382875,2.68271,0.362949,1.7967,2.85539,-0.279553,-0.025233,4.74074,0.36295,-1.29037,1.83103,2.29388,-0.668488,2.71041,2.29388,-0.025233,4.74074,2.29388,1.91479,2.85539,-0.279553,0.382875,2.68271,2.29388,0.936735,1.72074,2.29388,0.248782,2.63607,2.29388,0.13801,3.45811,2.29388,-0.286049,3.46853,2.29388,-0.514962,2.63024,2.29388,-1.11206,1.75176,2.29388,0.757918,1.63977,2.29388,0.143408,3.53306,2.44368,-0.102887,3.61403,2.52061,-0.355929,3.51281,2.44369,-2.47731,1.63767,1.56405,2.52493,1.6435,1.56405,2.02937,3.34589,0.031219,-2.12167,3.18265,0.031219,2.39179,0,0,2.24067,1.65437,-1.27863,2.24067,1.65437,1.27863,-1.65877,-0,-0,-1.59161,1.65437,1.27863,-1.59161,1.65437,-1.27863,-0.668488,2.71041,0.36295,-1.29037,1.83103,0.36295,-1.59161,1.65437,-0,2.24067,1.65437,0,-2.47731,1.63767,-1.50161,2.52493,1.6435,-1.50161,2.02937,3.34589,0.031219,-2.12167,3.18265,0.031219,2.02937,3.34589,0.031219,-2.12167,3.18265,0.031219,2.02937,3.34589,0.031219,-2.12167,3.18265,0.031219,0.248782,2.63607,0.36295,0.13801,3.45811,0.36295,-0.286049,3.46853,0.36295,-0.514962,2.63024,0.36295,-1.11206,1.75176,0.36295,0.757918,1.63977,0.36295,0.143408,3.53306,0.36295,-0.102887,3.61403,0.36295,-0.355929,3.51281,0.362951,1.79333,2.85539,-0.188928,1.92491,2.85539,-0.178807,1.7967,2.85539,0.276908,1.91479,2.85539,0.276908,1.79333,2.85539,0.367533,1.92491,2.85539,0.377655,1.91479,2.85539,-0.279553,1.7967,2.85539,-0.279553,1.79333,2.85539,-0.188928,1.92491,2.85539,-0.178807,1.91479,2.85539,0.276908,1.7967,2.85539,0.276908,1.79333,2.85539,0.367533,1.92491,2.85539,0.377655,1.91479,3.94901,-0.279553,1.7967,3.94901,-0.279553,1.79333,3.94901,-0.188928,1.92491,3.94901,-0.178807,1.91479,3.94901,0.276908,1.7967,3.94901,0.276908,1.79333,3.94901,0.367533,1.92491,3.94901,0.377655,1.28858,3.84648,0.644504,2.44736,3.84648,0.644504,1.28858,3.84648,-0.514281,2.44736,3.84648,-0.514281,1.64467,4.11977,-0.158195,1.64467,4.11977,0.288418,2.09128,4.11977,0.288418,2.09128,4.11977,-0.158195,1.86797,5.40523,0.065111,1.86797,5.40523,0.065111,1.86797,5.40523,0.065111,1.86797,5.40523,0.065111,2.31623,0.827188,0.341816,2.31623,0.827188,-0.341816,2.24067,1.65437,-0.341816,2.24067,1.65437,0.341816,2.31623,0.827188,1.27863,2.31623,0.827188,-1.27863,2.39179,-0,-0.341816,2.39179,0,0.341816,0.327511,0.000792,1.96068,0.445598,0.000792,1.96068,0.324137,0.000792,2.0513,0.455719,0.000792,2.06142,0.445598,0.000792,1.96068,0.327511,0.000792,1.96068,0.324137,0.000792,2.0513,0.455719,0.000792,2.06142,0.445598,2.47342,1.96068,0.327511,2.47342,1.96068,0.324137,2.47342,2.0513,0.455719,2.47342,2.06142,-0.880269,0.003247,1.96068,-0.762246,-0.000652,1.96068,-0.883641,0.003358,2.0513,-0.75213,-0.000986,2.06142,-0.762246,-0.000652,1.96068,-0.880269,0.003247,1.96068,-0.883641,0.003358,2.0513,-0.75213,-0.000986,2.06142,-0.680608,2.47063,1.96068,-0.798631,2.47453,1.96068,-0.802003,2.47464,2.0513,-0.670492,2.47029,2.06142,3.27834,-0,-0.639314,3.27834,0,0,3.12723,1.65437,-0.639313,3.12723,1.65437,0,3.20278,0.827188,0,3.12723,1.65437,0.639314,3.20278,0.827188,0.639314,3.20278,0.827188,-0.639313,3.27834,0,0.639314,0.236588,0,1.27863,-0.654047,0,1.27863,-0.308819,1.50196,1.20277,-0.144602,1.51219,1.20277,0.023316,1.48746,1.20277,0.150219,1.29731,1.20277,0.18382,1.08433,1.20278,-0.622987,0.0033,1.20277,0.198202,0.0033,1.20277,0.220989,1.17244,1.27863,0.184547,1.40344,1.27863,0.046912,1.60967,1.27862,-0.135206,1.63649,1.27862,-0.313311,1.6254,1.27862,-0.503559,1.60268,1.27862,-0.620944,1.39146,1.27863,-0.633095,1.11773,1.27862,-0.64169,0.677094,1.27863,-0.484234,1.48101,1.20277,-0.592466,1.28627,1.20277,-0.603669,1.03388,1.20277,-0.611594,0.627599,1.20277,0.152217,0.773407,1.22692,-0.308819,1.50196,1.22692,-0.144602,1.51219,1.22692,0.023316,1.48746,1.22692,0.150219,1.29731,1.22692,0.18382,1.08433,1.22692,-0.622987,0.0033,1.22692,0.198202,0.0033,1.22692,-0.484234,1.48101,1.22692,-0.592466,1.28627,1.22692,-0.603669,1.03388,1.22692,-0.611594,0.627599,1.22692,-0.304508,1.46357,1.22692,-0.153621,1.47296,1.22692,0.000666,1.45024,1.22692,0.117267,1.27553,1.22692,0.14814,1.07983,1.22692,-0.593173,0.08656,1.22692,0.161355,0.08656,1.22692,-0.465683,1.44432,1.22692,-0.56513,1.26538,1.22692,-0.575423,1.03348,1.22692,-0.582705,0.660181,1.22692,0.051661,0.766228,1.22908,0.029688,0.785649,1.22908,0.008673,0.758987,1.22908,0.0316,0.733688,1.22908,0.028757,0.817491,1.26718,0.079274,0.772841,1.26719,-0.01956,0.756193,1.26718,0.033152,0.698028,1.26718,2.02937,3.34589,0.031219,3.12723,1.65437,-0.639313,3.12723,1.65437,0,3.12723,1.65437,0.639314,2.02391,3.34589,0.031219,3.41668,1.65437,-0.925356,3.41667,1.65437,0,3.41667,1.65437,0.94356],