{
    "uvs": [],
    "normals": [0.656331,-0.324534,-0.681082,0.656331,-0.324534,0.681082,-0.656331,-0.324534,0.681082,-0.656331,-0.324534,-0.681082,-0.004273,-0.99707,-0.076296,-0.004273,-0.99707,0.076296,-0.503922,-0.711051,0.490341,-0.503922,-0.711051,-0.490341,0.004273,-0.99707,0.076296,0.004273,-0.99707,-0.076296,0.503922,-0.711051,-0.490341,0.503922,-0.711051,0.490341,0.614277,0.525437,-0.588672,-0.614277,0.525437,-0.588672,0.69573,0.218665,-0.684164,-0.69573,0.218665,-0.684164,-0.614277,0.525437,0.588672,0.614277,0.525437,0.588672,0.704917,0.07767,-0.705008,-0.704917,0.07767,-0.705008,-0.69573,0.218665,0.684164,0.69573,0.218665,0.684164,0.707083,0,-0.707083,0.707755,0.044038,-0.705039,-0.707755,0.044038,-0.705039,-0.707083,0,-0.707083,-0.704917,0.07767,0.705008,-0.707755,0.044038,0.705039,0.704917,0.07767,0.705008,0.707755,0.044038,0.705039,-0.707083,0,0.707083,0.707083,0,0.707083,0.577349,0.577349,-0.577349,-0.577349,0.577349,-0.577349,-0.577349,0.577349,0.577349,0.577349,0.577349,0.577349],
    "vertices": [1.27916,0.021296,-1.53883,1.27916,0.021296,1.53883,-1.27916,0.021296,1.53883,-1.27916,0.021296,-1.53883,0.650154,1.23023,-0.782137,0.650154,1.23023,0.782137,-0.650155,1.23023,0.782137,-0.650154,1.23023,-0.782138,0.379721,2.40609,-0.456805,0.379721,2.40609,0.456805,-0.379721,2.40609,0.456805,-0.379721,2.40609,-0.456805,0.258145,4.83658,-0.310549,0.258145,4.83658,0.310549,-0.258145,4.83658,0.310549,-0.258145,4.83658,-0.310549,0.258145,5.2708,-0.310549,0.258145,5.2708,0.310549,-0.258145,5.2708,0.310549,-0.258145,5.2708,-0.310549,0.258145,6.07678,-0.310549,0.258145,6.07678,0.310549,-0.258145,6.07678,0.310549,-0.258145,6.07678,-0.310549,0.323314,3.66474,-0.388948,0.323314,3.66474,0.388947,-0.323314,3.66474,0.388947,-0.323314,3.66474,-0.388948,1.30192,7.78377,-1.56621,1.30192,7.78377,1.56621,-1.30192,7.78377,1.56621,-1.30192,7.78377,-1.56621,1.30192,5.11362,-1.56621,1.30192,5.11362,1.56621,-1.30192,5.11362,1.56621,-1.30192,5.11362,-1.56621],
    "name": "CubeGeometry.1",
    "materials": [{
        "depthTest": true,
        "shading": "phong",
        "colorEmissive": [0,0,0],
        "opacity": 1,
        "DbgName": "Material",
        "colorAmbient": [0.004507,0.64,0.004832],
        "transparent": false,
        "depthWrite": true,
        "colorDiffuse": [0.004507,0.64,0.004832],
        "colorSpecular": [0.5,0.5,0.5],
        "visible": true,
        "specularCoef": 50,
        "DbgColor": 15658734,
        "DbgIndex": 0,
        "blending": "NormalBlending",
        "wireframe": false
    },{
        "depthTest": true,
        "shading": "phong",
        "colorEmissive": [0,0,0],
        "opacity": 1,
        "DbgName": "Material.001",
        "colorAmbient": [0.64,0.038276,0],
        "transparent": false,
        "depthWrite": true,
        "colorDiffuse": [0.64,0.038276,0],
        "colorSpecular": [0.5,0.5,0.5],
        "visible": true,
        "specularCoef": 50,
        "DbgColor": 15597568,
        "DbgIndex": 1,
        "blending": "NormalBlending",
        "wireframe": false
    }],
    "faces": [35,0,1,2,3,1,0,1,2,3,35,23,22,34,35,0,4,5,6,7,35,21,20,32,33,0,8,9,10,11,35,20,23,35,32,0,9,4,7,10,35,4,0,3,7,1,12,0,3,13,35,8,4,7,11,1,14,12,13,15,35,2,6,7,3,1,2,16,13,3,35,1,5,6,2,1,1,17,16,2,35,0,4,5,1,1,0,12,17,1,35,24,8,11,27,1,18,14,15,19,35,6,10,11,7,1,16,20,15,13,35,5,9,10,6,1,17,21,20,16,35,4,8,9,5,1,12,14,21,17,35,16,12,15,19,1,22,23,24,25,35,26,14,15,27,1,26,27,24,19,35,25,13,14,26,1,28,29,27,26,35,24,12,13,25,1,18,23,29,28,35,20,16,19,23,1,9,22,25,4,35,14,18,19,15,1,27,30,25,24,35,13,17,18,14,1,29,31,30,27,35,12,16,17,13,1,23,22,31,29,35,22,21,33,34,0,5,8,11,6,35,18,22,23,19,1,30,5,4,25,35,17,21,22,18,1,31,8,5,30,35,16,20,21,17,1,22,9,8,31,35,8,24,25,9,1,14,18,28,21,35,9,25,26,10,1,21,28,26,20,35,10,26,27,11,1,20,26,19,15,35,12,24,27,15,1,23,18,19,24,35,28,31,30,29,0,32,33,34,35,35,32,28,29,33,0,10,32,35,11,35,33,29,30,34,0,11,35,34,6,35,34,30,31,35,0,6,34,33,7,35,28,32,35,31,0,32,10,7,33],
    "metadata": {
        "uvs": 0,
        "type": "Geometry",
        "normals": 36,
        "generator": "io_three",
        "vertices": 36,
        "materials": 2,
        "faces": 34,
        "version": 3
    }
}