{
    "uvs": [],
    "normals": [-6.1e-05,-0.555559,0.831446,0.622059,-0.417982,0.662038,0.648091,0.423109,0.633168,0.694693,-0.243233,0.676901,-0.695547,-0.242805,0.676168,-0.648976,0.42436,0.631428,-0.6227,-0.417463,0.661763,-0.461104,-0.08179,-0.883541,-0.863948,-0.383801,0.325968,0.037843,0.462508,-0.8858,-0.345714,0.408002,0.844966,0.866115,-0.16184,0.472854,0.461776,-0.078494,-0.883511,-0.409375,0.255684,-0.87579,0,-0.589679,-0.807611,0.409375,0.255684,-0.87579,0.779839,-0.625965,0,-0.78048,-0.625141,0,-0.301492,-0.904508,-0.301492,-0.577349,-0.577349,0.577349,0.577349,-0.577349,0.577349,0.301492,-0.904508,-0.301492,0,-1,0,-0.301523,-0.904508,-0.301523,0.577349,-0.577349,0.577319,0.707083,0,0.707083,-0.707083,0,0.707083,0.577319,-0.577349,-0.577349,0.707083,-0.707083,0,-0.707083,-0.707083,0,-0.577349,-0.577349,-0.577349,0.577349,0.577349,-0.577349,-0.577349,0.577349,-0.577349,0.577319,0.577349,-0.577349,0.647298,-0.429395,-0.629749,-0.000458,-0.092441,-0.995697,-0.65334,-0.411786,-0.635243,0.635823,-0.459212,-0.620319,0.938749,-0.063173,-0.338694,0.942686,0.079409,0.324076,-0.609516,0.100711,-0.78634,-0.001465,0.009003,-0.999939,-0.635914,-0.459975,-0.619648,0.60918,0.098056,-0.78692,0,-0.562365,-0.826868,-0.815912,0.213721,0.537187,-0.80932,0.22248,0.543565,-0.031465,-0.186285,0.981964,-0.128208,-0.707236,0.695212,-0.729026,-0.189764,0.657643,-0.780511,-0.267342,-0.565081,-0.947233,0.320414,-0.007996,0.951109,0.308725,-0.00586,0.772729,-0.285165,-0.567003,0.722678,-0.204047,0.660329,0.779138,-0.399335,0.483139,0.707083,0.707083,0,0.577349,0.577349,0.577349,0.52208,-0.674398,0.52208,0.966033,-0.190771,0.17423,-0.779138,-0.399335,0.483139,-0.526231,-0.545762,0.652058,0.402448,0.519822,0.753502,-0.966033,-0.190771,-0.17423,-0.966033,-0.190771,0.17423,-0.488174,-0.723411,-0.488174,0.966033,-0.190771,-0.17423,-0.488174,-0.723411,0.488174,-0.707083,0.707083,0,0.488174,-0.723411,-0.488174,0.577349,-0.577349,-0.577349,-0.52208,-0.674398,0.52208,-0.779138,-0.399335,-0.483139,-0.577349,0.577349,0.577349,0.52208,-0.674398,-0.52208,0.488174,-0.723411,0.488174,-0.52208,-0.674398,-0.52208,0.779138,-0.399335,-0.483139,-0.400006,0.519395,0.75512,0.365917,-0.687155,0.627583,-0.400006,0.519395,-0.75512,0.365917,-0.687155,-0.627583,0.402448,0.519822,-0.753502,-0.526231,-0.545762,-0.652058,0.76986,-0.190435,-0.609088,0.76986,-0.190435,0.609088],
    "vertices": [-7.81402,11.7371,-6.4181,8.17825,11.7371,-6.41814,8.17829,11.7371,7.97919,-7.81399,11.7371,7.97922,-2.72824,34.6475,-7.77058,3.16108,34.6475,-7.77059,4.98994,34.6475,0.432034,-4.55707,34.6475,0.432051,0.216421,43.0236,-7.77058,0.182116,42.5816,-7.42008,-1.90189,35.1811,-4.91787,2.33474,35.1811,-4.91788,0.216418,41.9565,-8.99797,0.182115,11.7371,-6.41812,-7.814,11.7371,2.69067,8.17827,11.7371,2.69063,0.18215,11.7371,7.9792,4.7365,11.7371,-6.41813,-7.814,11.7371,3.42483,8.17828,11.7371,3.4248,-4.37224,11.7371,7.97921,-4.37227,11.7371,-6.41811,-7.81401,11.7371,-1.86372,8.17826,11.7371,-1.86375,4.73654,11.7371,7.97919,0.182124,11.7371,-1.86373,-4.37226,11.7371,-1.86373,4.73651,11.7371,-1.86374,-4.37226,11.7371,0.413467,-2.09507,11.7371,-1.86373,4.73651,11.7371,0.413449,2.45932,11.7371,-1.86374,-2.09506,11.7371,0.413462,2.45932,11.7371,0.413453,-4.37226,2.08458,-1.86373,4.73651,2.08458,-1.86374,-4.37226,2.08458,0.413467,-2.09507,2.08458,-1.86373,4.73651,2.08458,0.41345,2.45932,2.08458,-1.86374,-2.09506,2.08458,0.413463,2.45932,2.08458,0.413454,-4.37226,0.015541,-1.86373,4.73651,0.015541,-1.86374,-4.37226,0.015541,0.413467,-2.09507,0.015541,-1.86373,4.73651,0.015541,0.41345,2.45932,0.015541,-1.86374,-2.09506,0.015541,0.413463,2.45932,0.015541,0.413454,-4.37227,2.08458,-3.6103,4.73651,2.08458,-3.61032,-2.09507,2.08458,-3.6103,2.45931,2.08458,-3.61031,-4.37227,0.015541,-3.6103,4.73651,0.015541,-3.61032,-2.09507,0.015541,-3.6103,2.45931,0.015541,-3.61031,2.63092,32.5963,-0.776303,-2.23354,32.4607,-5.60874,2.6361,32.568,-5.61411,-2.20029,32.6393,-0.794349,0.165393,26.3991,-6.41743,0.258615,19.3486,-3.41111,-3.87992,40.9256,6.83092,-2.92543,29.3726,-5.70909,-2.77368,30.077,0.491995,-6.32886,18.3739,-2.10867,-6.30687,18.4721,2.6485,-6.32886,18.3739,-2.10867,-6.30687,18.4721,2.6485,-10.9588,19.3166,-2.20415,-3.24377,27.9973,-1.81584,-10.9359,19.4187,2.74225,3.37393,29.2378,-5.72115,11.0858,19.1581,-2.23019,3.20418,30.0084,0.523261,6.70188,18.4009,2.76149,6.72625,18.2909,-2.1337,11.0605,19.2724,2.85973,3.53473,28.4035,-1.80369,7.86025,15.3951,-1.13078,7.86025,17.1754,2.03658,7.86025,15.3951,2.03658,11.0276,15.3951,0.980792,8.40797,16.8675,0.107582,11.0276,15.3951,-0.074992,8.40797,16.8675,0.798217,8.40797,15.7029,0.798217,10.4799,15.7029,0.107583,10.4799,15.7029,0.798217,10.4799,16.8675,0.798218,10.4799,16.8675,0.107583,8.40797,15.7029,0.107583,7.86025,17.1754,-0.074992,7.86025,17.1754,0.980791,10.4799,16.8675,-0.583052,10.4799,15.7029,-0.583052,10.4799,16.8675,1.48885,10.4799,15.7029,1.48885,8.40797,15.7029,1.48885,8.40797,16.8675,1.48885,8.40797,15.7029,-0.583052,8.40797,16.8675,-0.583052,11.0276,17.1754,-1.13078,11.0276,15.3951,-1.13078,11.0276,17.1754,2.03658,11.0276,15.3951,2.03658,7.86025,17.1754,-1.13078,11.0276,17.1754,-0.074991,11.0276,17.1754,0.980792,7.86025,15.3951,-0.074991,7.86025,15.3951,0.980792,11.0276,18.2764,-0.074992,11.0276,18.2764,0.980792,7.86025,18.2764,0.980791,7.86025,18.2764,-0.074992,8.40797,17.9685,0.798217,8.40797,17.9685,0.107582,10.4799,17.9685,0.107583,10.4799,17.9685,0.798217,7.8693,18.2804,-0.074991,7.8693,18.2804,0.980792],
    "name": "CubeGeometry.3",