{
    "name": "CubeGeometry.22",
    "uvs": [],
    "materials": [{
        "DbgIndex": 0,
        "colorAmbient": [1,0,0.003366],
        "DbgColor": 15658734,
        "colorEmissive": [0,0,0],
        "DbgName": "cape",
        "visible": true,
        "colorDiffuse": [1,0,0.003366],
        "depthTest": true,
        "transparent": false,
        "wireframe": false,
        "shading": "lambert",
        "blending": "NormalBlending",
        "depthWrite": true,
        "opacity": 1
    },{
        "DbgIndex": 1,
        "colorAmbient": [0.421976,0.06689,0.64],
        "DbgColor": 15597568,
        "colorEmissive": [0,0,0],
        "DbgName": "earmel",
        "colorSpecular": [0.5,0.5,0.5],
        "visible": true,
        "colorDiffuse": [0.421976,0.06689,0.64],
        "depthTest": true,
        "transparent": false,
        "wireframe": false,
        "shading": "phong",
        "blending": "NormalBlending",
        "depthWrite": true,
        "opacity": 1,
        "specularCoef": 50
    },{
        "DbgIndex": 2,
        "colorAmbient": [0.202356,0.063563,0],
        "DbgColor": 60928,
        "colorEmissive": [0.165932,0.052121,0],
        "DbgName": "Material.003",
        "visible": true,
        "colorDiffuse": [0.202356,0.063563,0],
        "depthTest": true,
        "transparent": false,
        "wireframe": false,
        "shading": "lambert",
        "blending": "NormalBlending",
        "depthWrite": true,
        "opacity": 1
    }],
    "vertices": [-7.81402,7.55309,-6.4181,8.17825,7.55309,-6.41814,8.17829,7.55309,11.7994,-7.81399,7.55309,11.7994,-2.72824,34.6475,-7.77058,3.16108,34.6475,-7.77059,4.98994,34.6475,0.432034,-4.55707,34.6475,0.432051,0.216421,43.0236,-7.77058,0.182116,42.5816,-7.42008,-1.90189,35.1811,-4.91787,2.33474,35.1811,-4.91788,0.216418,41.9565,-8.99797,0.182115,7.55309,-6.41812,-7.814,7.55309,2.69067,8.17827,7.55309,2.69063,0.18215,7.55309,11.7994,0.182133,7.55309,2.69065,4.7365,7.55309,-6.41813,-7.814,7.55309,7.24505,8.17828,7.55309,7.24502,-4.37224,7.55309,11.7994,-4.37227,7.55309,-6.41811,-7.81401,7.55309,-1.86372,8.17826,7.55309,-1.86375,4.73654,7.55309,11.7994,0.182141,7.55309,7.24504,0.182124,7.55309,-1.86373,-4.37225,7.55309,2.69066,4.73652,7.55309,2.69064,4.73653,7.55309,7.24503,-4.37224,7.55309,7.24505,-4.37226,7.55309,-1.86373,4.73651,7.55309,-1.86374,2.45933,7.55309,2.69065,0.182137,7.55309,4.96784,0.182128,7.55309,0.413458,-2.09506,7.55309,2.69066,4.73652,7.55309,4.96783,2.45933,7.55309,7.24503,-4.37225,7.55309,4.96785,-2.09505,7.55309,7.24504,-4.37226,7.55309,0.413467,-2.09507,7.55309,-1.86373,4.73651,7.55309,0.413449,2.45932,7.55309,-1.86374,-2.09506,7.55309,0.413463,2.45933,7.55309,4.96784,-2.09506,7.55309,4.96785,2.45932,7.55309,0.413454,-4.37226,2.08458,-1.86373,4.73651,2.08458,-1.86374,-4.37226,2.08458,0.413467,-2.09507,2.08458,-1.86373,4.73651,2.08458,0.41345,2.45932,2.08458,-1.86374,-2.09506,2.08458,0.413463,2.45932,2.08458,0.413454,-4.37226,0.015541,-1.86373,4.73651,0.015541,-1.86374,-4.37226,0.015541,0.413467,-2.09507,0.015541,-1.86373,4.73651,0.015541,0.41345,2.45932,0.015541,-1.86374,-2.09506,0.015541,0.413463,2.45932,0.015541,0.413454,-4.37227,2.08458,-3.6103,4.73651,2.08458,-3.61032,-2.09507,2.08458,-3.6103,2.45931,2.08458,-3.61031,-4.37227,0.015541,-3.6103,4.73651,0.015541,-3.61032,-2.09507,0.015541,-3.6103,2.45931,0.015541,-3.61031,2.63092,32.5963,-0.776303,-2.23354,32.4607,-5.60874,2.6361,32.568,-5.61411,-2.20029,32.6393,-0.794349,0.165393,26.3991,-6.41743,0.258615,15.1646,-3.41111,-3.87992,40.9256,6.83092,-2.92543,29.3726,-5.70909,-2.77368,30.077,0.491995,-6.32886,14.1899,-2.10867,-6.30687,14.2881,2.6485,-6.32886,14.1899,-2.10867,-6.30687,14.2881,2.6485,-10.9588,15.1326,-2.20415,-3.24377,27.9973,-1.81584,-10.9359,15.2347,2.74225,3.37393,29.2378,-5.72115,11.0858,14.974,-2.23019,3.20418,30.0084,0.523261,6.70188,14.2168,2.76149,6.72625,14.1068,-2.1337,11.0605,15.0884,2.85973,3.53473,28.4035,-1.80369,9.35895,9.75131,0.08503,10.6051,11.1986,0.990395,8.88298,11.1986,1.54995,7.81863,11.1986,0.08503,8.88298,11.1986,-1.3799,10.6051,11.1986,-0.820334,9.67806,11.0986,-0.89706,9.02343,11.2435,-0.947604,9.87527,10.4989,0.46015,9.35895,10.2233,0.08503,9.16174,10.4989,0.691993,8.52353,11.0986,-0.521935,9.07918,10.1423,0.946085,10.0914,10.1423,0.617187,9.81165,10.9931,1.47825,10.8239,10.9931,0.08503,10.0914,10.1423,-0.447126,8.45358,10.1423,0.08503,8.1738,10.9931,0.946088,9.07918,10.1423,-0.776025,8.1738,10.9931,-0.776029,9.81165,10.9931,-1.30819,10.9968,12.3696,0.61719,10.9968,12.3696,-0.44713,9.35895,12.3696,1.80716,10.3712,12.3696,1.47826,7.72111,12.3696,0.61719,8.34671,12.3696,1.47826,8.34671,12.3696,-1.3082,7.72111,12.3696,-0.44713,10.3712,12.3696,-1.3082,9.35895,12.3696,-1.6371,9.16174,10.4989,-0.521932,8.27317,11.2435,0.08503,8.52353,11.0986,0.691995,8.72075,10.4989,0.08503,10.2374,11.2435,-0.553166,9.87527,10.4989,-0.29009,10.3916,11.0986,0.08503,9.02343,11.2435,1.11766,9.67806,11.0986,1.06712,10.2374,11.2435,0.723227,10.5135,12.0689,0.460153,9.35895,12.0689,1.29897,8.20443,12.0689,0.460152,8.64541,12.0689,-0.897065,10.0725,12.0689,-0.897065,10.5135,12.0689,-0.290092,10.0725,12.0689,1.06713,8.64542,12.0689,1.06713,8.20443,12.0689,-0.290093,9.35895,12.0689,-1.12891,10.5135,13.7171,0.460153,10.5135,13.7171,-0.290092,8.20443,13.7171,-0.290093,8.20443,13.7171,0.460152,7.72111,14.0177,-0.44713,7.72111,14.0177,0.61719,10.9968,14.0177,0.61719,10.9968,14.0177,-0.44713,10.5135,13.7171,0.460153,10.5135,13.7171,-0.290092,8.20443,13.7171,-0.290093,8.20443,13.7171,0.460152,7.72111,14.0177,-0.44713,7.72111,14.0177,0.61719,10.9968,14.0177,0.61719,10.9968,14.0177,-0.44713,8.18343,13.7123,0.460153,8.18343,13.7123,-0.290092,7.7062,14.0225,0.61719,7.7062,14.0225,-0.44713],